employerName,Career Development,Compensation & Pay,Culture & Camaraderie,Management & Communication,Operational Stress & Shifts,Work-Life Balance
7-Eleven,41.0,15.0,15.0,8.0,13.0,8.0
ALDI,5.0,21.0,12.0,24.0,10.0,28.000000000000004
AT&T,26.0,13.0,24.0,14.000000000000002,17.0,6.0
Accenture,42.0,8.0,28.000000000000004,14.000000000000002,4.0,4.0
Adobe,34.0,6.0,40.0,4.0,14.000000000000002,2.0
Airbnb,33.0,7.000000000000001,36.0,16.0,6.0,2.0
Albertsons Companies,15.0,22.0,13.0,16.0,18.0,16.0
Amazon,34.0,13.0,30.0,6.0,4.0,13.0
American Airlines,15.0,12.0,31.0,14.000000000000002,18.0,10.0
Apple,16.0,13.0,40.0,14.000000000000002,11.0,6.0
BANK,30.43,17.39,14.49,27.54,7.249999999999999,2.9000000000000004
Best Buy,14.000000000000002,32.0,11.0,18.0,14.000000000000002,11.0
Boeing,21.0,10.0,34.0,9.0,14.000000000000002,12.0
Burger King,4.0,32.0,3.0,10.0,25.0,26.0
CVS Health,12.0,17.0,14.000000000000002,23.0,14.000000000000002,20.0
Chick-fil-A Corporate,7.000000000000001,28.000000000000004,14.000000000000002,14.000000000000002,17.0,20.0
Chipotle,1.0,31.0,6.0,12.0,33.0,17.0
Cisco,41.0,5.0,39.0,5.0,7.000000000000001,3.0
Citi,40.0,13.0,22.0,9.0,7.000000000000001,9.0
Comcast,35.0,6.0,34.0,8.0,8.0,9.0
Costco Wholesale,4.0,20.0,19.0,15.0,26.0,16.0
Cracker Barrel,0.0,31.0,4.0,16.0,17.0,32.0
Dell Technologies,34.0,11.0,36.0,9.0,2.0,8.0
Deloitte,45.0,3.0,32.0,6.0,4.0,10.0
Dollar Tree,1.0,20.0,8.0,20.0,19.0,32.0
Domino's,6.0,19.0,6.0,7.000000000000001,16.0,46.0
DoorDash,21.0,4.0,14.000000000000002,9.0,4.0,48.0
Dunkin',1.0,23.0,6.0,9.0,26.0,35.0
EY,52.0,5.0,26.0,4.0,1.0,12.0
Enterprise,5.0,11.0,11.0,41.0,3.0,28.999999999999996
FedEx,4.0,22.0,21.0,17.0,7.000000000000001,28.999999999999996
Ford Motor Company,30.0,10.0,34.0,10.0,11.0,5.0
General Motors (GM),34.0,9.0,28.999999999999996,11.0,13.0,4.0
Goldman Sachs,36.0,6.0,35.0,7.000000000000001,5.0,11.0
Google,33.0,7.000000000000001,33.0,9.0,15.0,3.0
Helmerich & Payne,28.999999999999996,7.000000000000001,12.0,22.0,14.000000000000002,16.0
Hilton,10.0,17.0,14.000000000000002,16.0,36.0,7.000000000000001
Humana,26.0,9.0,26.0,19.0,16.0,4.0
IBM,45.0,6.0,31.0,10.0,6.0,2.0
Instacart,16.0,8.0,23.0,9.0,7.000000000000001,37.0
Intellectual Property,40.0,6.67,20.0,26.669999999999998,6.67,0.0
Johnson & Johnson,37.0,9.0,39.0,6.0,5.0,4.0
KFC,7.000000000000001,25.0,8.0,8.0,26.0,26.0
Kaiser Permanente,17.0,17.0,22.0,12.0,21.0,11.0
Kohl's,6.0,28.999999999999996,7.000000000000001,17.0,17.0,24.0
Kroger,5.0,22.0,11.0,12.0,19.0,31.0
Lockheed Martin,30.0,10.0,31.0,9.0,9.0,11.0
Lowe's RV Sales and Service,0.0,0.0,0.0,0.0,0.0,100.0
Lyft,26.0,6.0,20.0,14.000000000000002,8.0,26.0
Macy's,11.0,19.0,10.0,14.000000000000002,19.0,27.0
Marriott International,18.0,12.0,18.0,15.0,18.0,19.0
McDonald's,8.0,26.0,6.0,8.0,26.0,26.0
Meta,47.0,4.0,17.0,8.0,24.0,0.0
Microsoft,36.0,4.0,40.0,8.0,11.0,1.0
NIKE,30.0,16.0,23.0,10.0,9.0,12.0
Netflix,42.0,5.0,21.0,15.0,14.000000000000002,3.0
Nordstrom,13.0,33.0,15.0,12.0,11.0,16.0
Oracle,44.0,5.0,33.0,8.0,8.0,2.0
Panera Bread,3.0,31.0,5.0,12.0,19.0,30.0
PepsiCo,36.0,9.0,26.0,12.0,10.0,7.000000000000001
Pfizer,35.0,5.0,35.0,14.000000000000002,8.0,3.0
Pizza Hut,0.0,17.0,6.0,7.000000000000001,22.0,48.0
Publix,4.0,26.0,9.0,17.0,14.000000000000002,30.0
PwC,38.0,7.000000000000001,37.0,8.0,1.0,9.0
Ross Stores,7.000000000000001,17.0,10.0,26.0,14.000000000000002,26.0
Safeway,2.0,22.0,8.0,25.0,22.0,21.0
Salesforce,43.0,13.0,30.0,5.0,8.0,1.0
Southwest Airlines,17.0,10.0,32.0,9.0,19.0,13.0
Spotify,48.0,7.000000000000001,32.0,8.0,4.0,1.0
Starbucks,2.0,23.0,11.0,12.0,30.0,22.0
Subway,2.0,26.0,5.0,11.0,25.0,31.0
T-Mobile,10.0,26.0,23.0,17.0,17.0,7.000000000000001
TJ Maxx,3.0,18.0,6.0,16.0,20.0,37.0
Taco Bell,1.0,25.0,6.0,13.0,27.0,28.000000000000004
Target,10.0,25.0,8.0,9.0,17.0,31.0
Tesla,36.0,10.0,23.0,6.0,15.0,10.0
The Coca-Cola Company,36.0,16.0,20.0,7.000000000000001,9.0,12.0
The Home Depot,10.0,23.0,12.0,26.0,8.0,21.0
US Postal Service,3.0,19.0,12.0,12.0,23.0,31.0
Uber,30.0,4.0,28.000000000000004,7.000000000000001,7.000000000000001,24.0
United Airlines,18.0,8.0,33.0,12.0,8.0,21.0
UnitedHealth Group,24.0,12.0,20.0,17.0,20.0,7.000000000000001
Verizon,24.0,12.0,23.0,25.0,11.0,5.0
Waffle House,1.0,20.0,5.0,25.0,18.0,31.0
Walgreens,12.0,19.0,6.0,24.0,21.0,18.0
Walmart,8.0,23.0,12.0,15.0,11.0,31.0
Walt Disney Company,28.999999999999996,11.0,21.0,8.0,20.0,11.0
Wawa,4.0,30.0,9.0,16.0,21.0,20.0
Wells Fargo,28.000000000000004,3.0,37.0,17.0,11.0,4.0
Wendy's,0.0,28.999999999999996,5.0,9.0,28.999999999999996,28.000000000000004
