employer_name,review_count,avg_rating,median_rating,avg_sentiment,pct_positive,pct_neutral,pct_negative,avg_wlb,avg_culture,avg_diversity,avg_career,avg_comp,avg_leadership,dominant_topic
7-Eleven,100,3.72,4.0,0.485,76.0,1.0,23.0,3.7,3.86,4.0,3.73,3.79,3.39,Career Development
ALDI,100,3.18,3.0,0.349,74.0,2.0,24.0,2.7,2.93,3.56,2.86,3.49,2.72,Work-Life Balance
AT&T,100,3.32,3.0,0.505,80.0,2.0,18.0,2.96,3.15,3.63,3.28,3.86,2.86,Career Development
Accenture,100,3.69,4.0,0.479,79.0,3.0,18.0,3.54,3.77,3.94,3.72,3.37,3.38,Career Development
Adobe,100,4.0,4.0,0.659,89.0,2.0,9.0,4.03,4.09,4.18,3.71,4.01,3.32,Culture & Camaraderie
Airbnb,100,3.94,4.0,0.694,92.0,0.0,8.0,3.9,3.85,4.12,3.18,4.1,3.22,Culture & Camaraderie
Albertsons Companies,100,3.03,3.0,0.304,68.0,5.0,27.0,2.83,2.64,3.35,2.63,3.03,2.48,Compensation & Pay
Amazon,100,3.65,4.0,0.568,83.0,1.0,16.0,3.11,3.14,3.82,3.73,3.82,2.95,Career Development
American Airlines,100,3.67,4.0,0.526,81.0,1.0,18.0,3.5,3.36,3.83,3.68,3.54,2.77,Culture & Camaraderie
Apple,100,4.05,4.0,0.57,86.0,2.0,12.0,3.73,3.96,4.28,3.71,4.15,3.5,Culture & Camaraderie
Best Buy,100,3.56,4.0,0.479,79.0,0.0,21.0,3.52,3.59,4.1,3.23,2.99,3.22,Compensation & Pay
Boeing,100,3.77,4.0,0.599,86.0,1.0,13.0,4.03,3.35,3.75,3.71,3.9,2.94,Culture & Camaraderie
Burger King,100,3.5,4.0,0.39,68.0,5.0,27.0,3.07,3.27,3.54,3.21,2.74,3.19,Compensation & Pay
CVS Health,100,3.17,3.0,0.363,68.0,7.0,25.0,3.03,2.99,3.58,3.18,3.0,2.85,Management & Communication
Chipotle,100,3.25,3.0,0.471,80.0,1.0,19.0,2.94,2.97,3.66,3.15,3.02,2.66,Operational Stress & Shifts
Chick-fil-A Corporate,100,3.9,4.0,0.541,83.0,0.0,17.0,3.96,4.04,4.1,3.61,3.73,3.82,Compensation & Pay
Cisco,100,4.06,4.0,0.719,94.0,1.0,5.0,4.18,4.16,4.22,3.81,3.92,3.53,Career Development
Citi,100,3.48,4.0,0.437,75.0,3.0,22.0,3.14,3.23,3.61,3.27,3.41,2.81,Career Development
Dell Technologies,100,3.69,4.0,0.561,83.0,1.0,16.0,3.81,3.71,4.01,3.41,3.54,3.23,Culture & Camaraderie
Comcast,100,3.78,4.0,0.593,85.0,3.0,12.0,3.92,3.86,4.2,3.8,3.78,3.44,Career Development
Costco Wholesale,100,3.86,4.0,0.576,79.0,2.0,19.0,3.26,3.52,3.99,3.63,4.22,3.04,Operational Stress & Shifts
Cracker Barrel,100,3.25,3.0,0.366,69.0,4.0,27.0,3.41,3.28,3.67,3.13,2.9,2.74,Work-Life Balance
Dollar Tree,100,2.8,3.0,0.274,62.0,7.0,31.0,2.64,2.49,3.36,2.78,2.25,2.46,Work-Life Balance
Deloitte,100,3.6,4.0,0.502,81.0,3.0,16.0,3.09,3.53,3.88,3.81,3.31,3.29,Career Development
Domino's,100,3.43,4.0,0.362,72.0,2.0,26.0,3.56,3.21,3.79,2.93,2.82,3.04,Work-Life Balance
DoorDash,100,3.4,3.0,0.267,64.0,5.0,31.0,3.8,2.75,3.49,2.75,2.87,2.38,Work-Life Balance
Target,100,3.33,3.0,0.319,66.0,2.0,32.0,3.32,3.07,3.63,2.87,3.26,2.81,Work-Life Balance
Dunkin',100,2.99,3.0,0.294,71.0,2.0,27.0,3.02,2.62,3.52,2.27,2.2,2.45,Work-Life Balance
EY,100,3.58,4.0,0.506,81.0,4.0,15.0,2.95,3.67,4.01,3.86,3.45,3.47,Career Development
Enterprise,100,3.17,3.0,0.545,83.0,3.0,14.0,2.41,3.3,3.54,3.35,2.96,3.03,Management & Communication
FedEx,100,3.27,3.0,0.364,72.0,4.0,24.0,3.47,3.31,3.77,3.45,3.37,3.1,Work-Life Balance
Ford Motor Company,100,4.01,4.0,0.586,85.0,2.0,13.0,3.94,3.67,4.02,3.73,3.89,3.35,Culture & Camaraderie
General Motors (GM),100,3.51,4.0,0.524,80.0,1.0,19.0,3.64,3.11,3.84,3.37,3.89,2.7,Career Development
Goldman Sachs,100,3.81,4.0,0.496,84.0,1.0,15.0,2.92,3.69,4.18,3.95,3.48,3.51,Career Development
Google,100,4.37,5.0,0.715,92.0,1.0,7.0,4.21,4.32,4.49,4.27,4.62,3.96,Culture & Camaraderie
Helmerich & Payne,100,3.87,4.0,0.527,85.0,4.0,11.0,3.82,3.86,3.67,3.72,3.99,3.33,Career Development
Hilton,100,3.56,4.0,0.413,74.0,3.0,23.0,3.21,3.38,3.72,3.35,3.41,2.88,Operational Stress & Shifts
Humana,100,3.55,4.0,0.457,76.0,4.0,20.0,3.66,3.49,4.04,3.28,3.57,2.96,Culture & Camaraderie
IBM,100,3.71,4.0,0.541,83.0,3.0,14.0,4.03,3.86,4.03,3.68,3.7,3.29,Career Development
Instacart,100,3.27,3.0,0.31,69.0,2.0,29.0,3.49,3.07,3.69,2.57,2.84,2.67,Work-Life Balance
Johnson & Johnson,100,4.05,4.0,0.685,93.0,2.0,5.0,3.95,4.08,4.19,3.87,3.95,3.58,Culture & Camaraderie
KFC,100,3.59,4.0,0.312,70.0,3.0,27.0,3.79,3.63,3.95,3.25,3.3,3.41,Work-Life Balance
NIKE,100,3.65,4.0,0.629,87.0,3.0,10.0,3.42,3.54,3.85,2.76,3.52,2.85,Career Development
Kaiser Permanente,100,3.68,4.0,0.566,85.0,3.0,12.0,3.39,3.29,3.85,3.24,3.9,2.88,Culture & Camaraderie
Kohl's,100,3.21,3.0,0.346,67.0,9.0,24.0,3.03,2.84,3.3,2.58,2.76,2.76,Compensation & Pay
Kroger,100,3.28,3.0,0.252,67.0,5.0,28.0,3.12,2.95,3.53,3.08,2.76,2.86,Work-Life Balance
Lockheed Martin,100,3.93,4.0,0.619,90.0,0.0,10.0,4.05,3.61,3.77,3.96,3.54,3.36,Culture & Camaraderie
Lyft,100,3.65,4.0,0.408,77.0,1.0,22.0,3.7,3.58,4.07,3.13,3.29,2.76,Work-Life Balance
Macy's,100,3.3,3.0,0.344,71.0,2.0,27.0,2.82,2.88,3.4,2.91,2.78,2.6,Work-Life Balance
Marriott International,100,3.85,4.0,0.545,82.0,2.0,16.0,3.69,3.69,4.13,3.67,3.66,3.39,Work-Life Balance
Nordstrom,100,3.44,4.0,0.5,82.0,0.0,18.0,3.35,3.3,3.89,3.31,3.47,2.93,Compensation & Pay
McDonald's,100,3.46,3.0,0.415,74.0,4.0,22.0,3.43,3.07,3.66,3.24,3.09,2.97,Compensation & Pay
Meta,100,3.19,3.0,0.445,76.0,1.0,23.0,2.65,2.41,3.24,3.61,4.52,2.44,Career Development
Microsoft,100,3.44,4.0,0.548,80.0,1.0,19.0,3.53,3.4,3.69,3.35,3.5,2.91,Culture & Camaraderie
Oracle,100,3.11,3.0,0.306,67.0,3.0,30.0,3.38,2.93,3.57,2.89,2.96,2.71,Career Development
Netflix,100,3.95,4.0,0.751,94.0,4.0,2.0,3.48,3.68,3.8,3.67,4.48,3.15,Career Development
PepsiCo,100,3.74,4.0,0.568,81.0,5.0,14.0,3.5,3.42,3.76,3.59,3.7,3.17,Career Development
Panera Bread,100,3.23,3.0,0.486,78.0,4.0,18.0,2.8,2.98,3.7,2.67,2.38,2.38,Compensation & Pay
Verizon,100,3.22,3.0,0.496,75.0,5.0,20.0,3.15,2.92,3.68,2.87,3.63,2.43,Management & Communication
Tesla,100,3.6,4.0,0.508,77.0,5.0,18.0,3.21,3.34,3.96,3.84,3.76,3.13,Career Development
Pfizer,100,3.78,4.0,0.67,89.0,3.0,8.0,3.74,3.73,3.95,3.6,3.69,3.1,Culture & Camaraderie
Pizza Hut,100,3.32,3.0,0.319,67.0,5.0,28.0,3.25,3.17,3.69,2.91,2.68,2.95,Work-Life Balance
Publix,100,3.62,4.0,0.535,83.0,2.0,15.0,3.43,3.41,3.7,3.42,3.37,3.07,Work-Life Balance
PwC,100,3.69,4.0,0.499,78.0,3.0,19.0,3.08,3.81,3.99,4.08,3.68,3.45,Career Development
Ross Stores,100,3.11,3.0,0.387,73.0,3.0,24.0,2.82,2.89,3.61,2.93,2.94,2.71,Work-Life Balance
Safeway,100,3.2,3.0,0.265,64.0,4.0,32.0,2.66,2.83,3.7,2.85,2.85,2.64,Management & Communication
Salesforce,100,3.96,4.0,0.654,90.0,1.0,9.0,3.84,3.99,4.11,3.86,4.03,3.45,Career Development
Southwest Airlines,100,3.82,4.0,0.651,88.0,0.0,12.0,3.79,3.76,3.99,3.65,3.96,2.85,Culture & Camaraderie
Spotify,100,3.84,4.0,0.656,90.0,1.0,9.0,4.08,3.75,3.95,3.18,3.64,3.03,Career Development
Starbucks,100,3.6,4.0,0.536,81.0,1.0,18.0,3.54,3.54,4.07,3.42,3.69,3.21,Operational Stress & Shifts
Subway,100,3.24,3.0,0.299,68.0,0.0,32.0,2.93,2.82,3.34,2.58,2.54,2.79,Work-Life Balance
T-Mobile,100,3.66,4.0,0.515,79.0,2.0,19.0,3.4,3.48,4.22,3.24,4.0,2.91,Compensation & Pay
TJ Maxx,100,3.29,3.0,0.357,71.0,1.0,28.0,3.11,3.26,3.71,3.27,2.95,3.05,Work-Life Balance
Taco Bell,100,3.4,3.0,0.342,70.0,5.0,25.0,3.06,3.1,3.68,3.18,2.78,2.97,Work-Life Balance
Walt Disney Company,100,3.81,4.0,0.57,82.0,3.0,15.0,3.56,3.64,3.98,3.29,3.65,3.02,Career Development
Waffle House,100,3.52,3.0,0.503,82.0,3.0,15.0,2.86,3.44,3.71,3.48,3.56,3.24,Work-Life Balance
The Coca-Cola Company,100,3.8,4.0,0.617,86.0,4.0,10.0,3.44,3.69,3.79,3.54,3.86,3.25,Career Development
The Home Depot,100,3.73,4.0,0.563,83.0,6.0,11.0,3.52,3.62,3.86,3.58,3.42,2.95,Management & Communication
US Postal Service,100,3.24,3.0,0.274,65.0,2.0,33.0,2.34,2.72,3.8,3.41,3.78,2.46,Work-Life Balance
Uber,100,3.6,4.0,0.427,73.0,1.0,26.0,3.55,3.37,4.0,3.05,3.51,2.72,Career Development
United Airlines,100,3.88,4.0,0.651,88.0,0.0,12.0,3.78,3.71,4.25,3.77,3.88,3.35,Culture & Camaraderie
UnitedHealth Group,100,3.23,3.0,0.472,79.0,2.0,19.0,3.7,3.16,3.73,3.19,3.17,2.97,Career Development
Wells Fargo,100,3.28,3.5,0.482,77.0,3.0,20.0,3.37,3.14,3.64,3.37,3.71,2.82,Culture & Camaraderie
Wawa,100,3.61,4.0,0.559,84.0,0.0,16.0,3.26,3.48,4.16,3.64,3.74,3.26,Compensation & Pay
Walgreens,100,2.78,3.0,0.167,55.0,2.0,43.0,2.56,2.46,3.24,2.68,2.58,2.35,Management & Communication
Walmart,100,3.39,3.0,0.437,73.0,4.0,23.0,3.37,3.22,3.83,3.41,3.28,3.17,Work-Life Balance
Wendy's,100,3.06,3.0,0.344,73.0,1.0,26.0,2.74,2.8,3.22,2.47,2.28,2.51,Compensation & Pay
BANK,69,3.81,4.0,0.537,87.0,1.4,11.6,3.46,3.67,2.0,3.76,3.64,3.51,Career Development
Intellectual Property,15,3.6,4.0,0.269,66.7,0.0,33.3,2.64,3.36,3.56,3.42,3.4,3.09,Career Development
Lowe's RV Sales and Service,1,4.0,4.0,0.226,100.0,0.0,0.0,,,,,,,Work-Life Balance
